id,user_id,review,recommend,likes,funny,playtime,created_at
1,76561198082903972,이 게임을 정말 좋아해서 스팀 모바일 아이패드 스위치로 구매해서 플레이했는데 아직도 다 했다는 기분이 들지 않는다 좀 더 해봐야 알 것 같음,1,19,10,126106,2026-05-05 09:28:03
2,76561198016898821,높은 확률로 아마존 구글을 모티브로 한 조자라는 다국적 대기업이 주인공 사는 세상의 유통망을 거의 독점하고있다 조자의 일원이었으나 직원들 일어서고 앉는 시간까지 측정하고 책상마다 감시카메라까지 박아놓는 비인간적 노동환경에 적응하지 못한 주인공은 죽은 조부의 농장으로 돌아가 농사를 짓는다 웬걸 여기까지도 조자의 마트가 들어서있고 동네 촌뜨기들 상권을 위협하고 있다 최종 소비자의 경제적 만족만이 기업에 대한 대중 평가로 직결되고 부모가 자식에게 물려줄 것이 지식 기술이 아닌 소비습관 밖에 없게 되어버린 우리 세대 온갖 미명으로 치장된 효율과 이윤 추구의 구정물이 사회를 병들게 했다 우린 게임처럼 땅을 파고 거름을 주고 농산물을 수확할 줄도 모른다 평생 푼돈 만지고 카드나 긁어대다가 죽는 운명 사냥에 실패하면 내일 바로 굶어죽을거란 기원전의 공포는 더이상 없지만 그보다 더한 정신적 집단폐사의 저주애 사로잡혔다 우린 더이상 창고에서 트럭으로 옮겨주는 재화가 아니면 의식주를 해결할 방법을 모른다 소비행위가 우리의 명줄을 쥐고있다 이 문제에 게임이 제안하는 대안은 아마 자급자족이 가능한 작은 사회공동체의 단결이리라 얇디얇은 나뭇가지들을 줄로 묶으면 도끼에도 버티듯이 똘똘 뭉친 발버둥의 미학 봄이 끝나가니 튤립을 수확해야겠다 스토리가 어떻게 끝맺어질지는 모르겠으나 여태껏 본적 없이 매력적인 고찰을 담고 있다는 점만 강조하고 싶다,1,31,4,860,2026-05-01 01:32:06
3,76561199247203029,도시의 자본주의 노예에서 벗어나 시골의 자본주의 노예가 되는 게임,1,6,2,15471,2026-05-17 05:42:47
4,76561198116155807,처음에 지루해서 아 나랑 맞지 않네 호불호 있다더니 진짜구나 라고 생각했습니다 게임 시간으로 하루만 더 해보고 지워야지 생각하면서 진행하다보니 곧 가을이네요 재밌습니다 하면 할 수록 스스로 목표를 세우게 되면서 점점 더 재밌어져요 현생보다 바쁘게 하루를 보내면 게임 속에서 부자가 될 수 있습니다,1,4,0,1247,2026-05-14 14:52:08
5,76561198098345867,느긋한 시골 힐링게임 게임 속도에 불편함 없이 천천히 즐길수 있고 게임에 수집 해야할 요소도 있어 목표 의식도 있어 재밌게 즐길수 있음,1,2,0,5563,2026-05-27 16:26:18
6,76561199263289754,힐링이라는데 ㅈㄴ 킬링임 환불마려움 튜토리얼같은게 없어서 혼자 해보려면 유튜브에서 초보자 가이드 찾아 봐야해서 귀찮고 그걸 다 보고 따라한다고 해도 결혼이나 연애 하고 집 업글 하고 나면 뭘 해야 할지 모르겠어서 질리게 됨 단순 노동겜같음,0,1,0,2468,2026-05-14 00:30:04
7,76561199006334727,얘드라 자기 침대에서 자면 안돼 침대는 하나인데 사람이 넷이 넘잖아,1,1,6,12893,2026-05-06 10:36:08
8,76561199755051219,세바스찬ㄷ이 너무 잘생겻습니다 내 남편 근데 ㅠ일을 너ㅏ무 안하고 조금 답ㄷㄷ압한 면이 이쓰니 참고하셍요 차라리 에밀리랑 결혼하는ㄱ ㅔㄷ ㅓ 좋을 것 ㅏ같음,1,1,2,18938,2026-04-28 22:03:01
9,76561198285347422,시간 블랙홀 게임 모드를 깔면 과유불급이라는 말이 와닫읍니다 바닐라의 즐거움은 완전히 돌아오지 않으니까 우선 바닐라로 플레이 후 신중히 생각하시고 까는 것을 추천합니다,1,1,0,13478,2026-05-17 09:52:20
10,76561199124157890,브금 뚝뚝 끊기는게 거슬림 뭔 30분 내리 브금이 나오다가 끊기면 이해라도 하겠는데 1분30초쯤 브금 나오다가 뚝 끊기고 광산이나 해변같은 다른 맵이라도 가지 않는 이상 브금이 영원히 안나옴 이 문제가 20년도 쯤에도 누가 말했던 것 같은데 아직도 해결 안하고 있는게 어이 없음 브금 세상 좋게 뽑아놓고 제대로 활용도 못하고 브금 뚝뚝 끊기고 개빡침 사람들이 만든 모드 중에서 브금 반복모드가 있어서 설치해봤는데 이것도 마을이나 농장에서 나오는 브금은 반복 재생이 안되고 광산 내부에서만 반복모드라고 함,0,1,0,15451,2026-05-08 21:49:12
11,76561199697603313,지친 하루 끝에 들어가게 되는 게임 농사짓고 낚시하고 마을 사람들 챙기다 보면 마음이 편해짐 잔잔한데 이상하게 계속 생각나는 힐링게임,1,0,0,3400,2026-05-26 08:30:27
12,76561199063654554,진짜 시간 가는줄 모르고 너무 재밌어요ㅜㅜㅜㅜ 중독자 될거 같아요 ㅠㅠㅠ,1,0,0,1835,2026-05-25 22:28:56
13,76561199700384966,너무 재밌어요 동생이랑 같이 하는데 너무 재밌어서 짧은 기간에 많이 하고 있어요 ㄷㄷ,1,0,0,3691,2026-05-25 20:46:52
14,76561198263063836,아기 둘 갖는 도전과제가 제일 어려워요 아기 좀 갖자고 ㅠㅠ 고자인가,1,0,0,18833,2026-05-25 06:07:13
15,76561198112018148,하다보면 효율을 신경쓸 수 밖에 없고 그러다보면 기계적으로 일정을 돌리게되고 그때부터 온라인 숙제겜마냥 플레이하게 될것 같아서 딱 그만둠,1,0,0,4021,2026-05-24 00:31:14
16,76561199128645694,아직 스린이지만 사실 중간에 한 2년 정도 안 했긴 했어요 처음 게임 산건 아마 중고딩 때인데 지금은 이미 20대 중반이라 하지만 요즘은 스듀 빠져 삽니다 진짜 없어선 안 될 게임 불륜 모드 추가됐으면 더 재밌었을텐데,1,0,0,9832,2026-05-23 23:55:35
17,76561198972909066,힐링 게임인데 한국인한테는 노동 게임이 아닌지 작물 물 주고 수확하고 광산 가고 낚시 하고 이런 저런 거 많아서 한번 플레이 하면 시간 삭제되는 듯 가볍게 할 만하다,1,0,0,35973,2026-05-23 20:52:41
18,76561198868487942,농장 시뮬겜 하면 떠오르는 대표작 시작하자마자 보이는 황당한 주민 얼굴은 무시하세요 어차피 다 잘생기고 예쁜 리텍으로 성형 시켜서 하니깐 ㄱㅊ 아요 전혀 문제 되지 않슴다 계절마다 이벤트도 많고 노가다 할 것도 많아요 마을 npc랑 미연시도 해야 하고 진짜 하다 보면 시간 훅 가 있는데 아직 절반도 안 왔다는 점 이런 류 게임 좋아하는 사람이라면 돈이 전혀 아깝지 않은 게임입니다,1,0,0,22092,2026-05-22 02:19:47
19,76561199243414893,일단 맥북 지원부터 호감도 개씹ㅅㅌㅊ인데 재밌고 할게 넘쳐남 이겜에서 할게 없어질 정도면 그냥 접는게 맞음,1,0,0,4406,2026-05-21 21:17:53
20,76561199075869611,처음으로 꾸준히 하는 게임이에요 종종 들어가서 하루 일과를 보내다 보면 자연스럽게 행복해집니다,1,0,0,11954,2026-05-20 22:00:00
21,76561198819787475,가볍게 하기 좋은게임 힐링하고자 하면 가볍지만 돈벌려고 하면 무거운 게임이 될수도,1,0,0,528,2026-05-19 22:00:59
22,76561199751436902,이 게임은 타인에게 추천할만 합니다 모드로 추가되는 무한한 컨텐츠는 이 게임의 크나큰 장점입니다 단지 npc와의 상호작용 동물과의 상호작용이 적은 것이 이 게임의 유일한 단점입니다 이것이 개선된다면 이 게임은 더 높은 평가를 받을 것입니다,1,0,0,54823,2026-05-18 23:18:46
23,76561199244971827,제가 fps랑 aos게임 못하는데 유일하게 잘하는게 노동겜인데 딱 맞습니다,1,0,0,5463,2026-05-16 14:27:52
24,76561198831740396,사놓고 몇년동안 방치 했었는데 왜 그랫을까 이 겜 진짜 재밌네요,1,0,0,2282,2026-05-06 15:27:43
25,76561199517517675,힐링 게임이지만 먹고 살려면 조금 바빠요 엘리엇 진짜 너무 이쁘구요 개똥컴터도 돌아갑니다 솔직히 pc보단 모바일을 더 애용하긴해요ㅎㅎ,1,0,0,2011,2026-05-05 11:13:54
26,76561198719961477,친구가 재미없을 것 같다고 하지말라고 했지만 기어코 한 나는 무척이나 재밌ㄷ다,1,0,0,6537,2026-05-03 23:19:14
27,76561199117097417,잼나요 내 남편내 아내 여러명의 꿈을 여기서 이루다굿,1,0,0,14309,2026-05-03 18:53:50
28,76561199344928680,h3인생작이라고 할 수 있을 정도로 재밌고 열심히 한 게임h3 친구들이랑 멀티 하면서 주니모 카트만 하다가 16 나오고 바닐라로 진엔딩까지 봤다 농사 하면서 경영하는 걸 좋아해서 시작했는데 다양한 분야의 컨텐츠와 디테일에 오히려 감탄했던 것 같다 농사 내 농사 인프라가 발전하는 모습에서 오는 보람이 좋았음 처음엔 작물 하나하나 물 주고 수확하고 그대로 팔았다가 자동화가 이루어지게 되고 타 지역 등이 생기면서 확장되는 농지 가공 시스템으로 배가 되는 수익 그에 따라 수직 상승하는 수입을 지켜보는 맛이 있었다 수확을 한 번 더 하기 위해 아이템을 사용한다던지 효율적인 농장 배치를 짜는 것도 재미있었다 전투 테라리아 코어키퍼 같이 비교적 전투 지향적으로 디자인 된 게임들과 비교했을 때는 단조로운 시스템이지만 스듀 만의 매력이 있었다 전투와 동시에 자연스럽게 이루어지는 채광 채광에서 농사로 이루어지는 인프라 발전이 인상 깊었다 새 지역이 열리면서 같이 열리는 특색 있는 다른 광산들까지 낚시 호불호가 좀 갈리는 분야인데 나는 재밌었음 날씨나 시간대에 따라 달라지는 활동 물고기 도감 채우기 등 재밌게 즐겼음 npc 이 게임 꽃이라고 생각함 npc들 하나하나 특색도 있고 대사나 스토리도 재밌고 그중에 정말 몰입해서 봤던 스토리도 많았음 다만 초상화 리텍은 해야 할 듯 연애나 결혼 시스템도 이 지역의 전통 방식대로 하는 느낌이어서 인상 깊었음 돈 다 벌고 농장 적당히 꾸미고 엔딩 보니까 지금까지 거쳐왔던 순간들이 생각나면서 막 뭉클해짐 이런 게 게임 아닐까 싶다 재밌게 했습니다,1,0,0,15165,2026-05-02 22:38:43
29,76561199006660905,몇년에 걸쳐 엄청 하다가 쉬다가를 반복하고 있는데 가끔 질리긴 해도 아예 끊지는 못하는 것 같아요,1,0,0,38130,2026-05-02 02:07:12
30,76561198208598379,시간가는줄 모르고 하는 게임입니다 릿지사이드모드 깔고하시면 더 많은 npc들을 만날 수 있어요,1,0,0,9635,2026-04-30 22:39:31
31,76561198365411409,아주 재밌어요 진엔딩을 보고 난 뒤로도 계속 해보게 되는 게임이에요 잊을만 하면 새로운 패치를 해주기도 하고요 그래서 엔딩을 봐도 끝난 게임이라는 생각이 들지 않아요 옛날버전에는 가을에서 겨울이 될 때에 잔디가 모두 죽어서 겨울전에 반드시 건초를 충분히 만들어둬야했기에 난이도가 있었는데 이젠 겨울동안 잔디가 죽지 않기때문에 농장 지속 부분에서 더욱 게임이 쉬워졌어요 덕분에 물고기를 잡고 물건을 만들고 채집하고 몬스터를잡고 던전 도는데에 시간을 더 쓸 수 있게 됐어요 인간 근성의 미가 뭔지 알고싶다면 스타듀밸리를 하는게 좋은 것 같아요 정말 재밌고 힐링 그리고 내면의 성장을 돕습니다,1,0,0,32853,2026-04-30 07:20:07
32,76561198079535183,컨텐츠도 하다보면 몰입하고 재밌는 힐링겜은 맞는데 전체적인 분위기가 너무 잔잔해서 잠올거 같은 느낌이라 못하겠음 난 그만할란다,1,0,0,525,2026-04-28 20:23:44
33,76561199245384252,노동별로 안 좋아하는데 할인한다길래 구매해봣음 나 노동좋아햇슨 노동을하는데 힐링이됌ㅎㅎ,1,0,0,908,2026-05-19 23:04:16
34,76561199335553206,너무 사랑하는 게임입니다 스팀 탈퇴 후 스듀 하려고 재가입 모바일용까지 3번 구매했어요 다른 게임 좀 더 하다가 다시 돌아올게요,1,0,0,7611,2026-05-06 23:14:24
35,76561198879862410,남편이 자꾸 레아랑 바람 피워서 짜증나네요,1,1,0,4915,2026-05-25 03:58:18
36,76561198804231500,그냥 개꿀잼 노트북으로 할 수 있는 몇 안되는 게임,1,0,1,1066,2026-05-20 21:29:26
37,76561198399068815,정신은 힐링하고 몸은 잠안자고 밥안먹고 반비례 힐링게임,1,0,0,8249,2026-05-18 23:19:31
38,76561199825127875,심심하고 정신없는 게임 하기싫을때 이 게임 하시면 정말 1시간이든 2시간이든 계속 해도 질리지 않아서 좋습니다,1,0,0,947,2026-05-18 20:29:30
39,76561199705560093,아직 잘 모르겠네요 더 해봐야 할 것 같아요 근데 재밌긴 하네요 ㅎㅎ,1,0,0,24104,2026-05-15 23:12:36
40,76561198288815298,멀티를 하는 순간 내 밭은 공공재산이 되어버림 아침에 일어나자마자 경쟁하듯이 내 작물 훔쳐가며 민첩한 하루 되라고 라며 외치던 언니 진짜 언젠간 내가 훔칠꺼야 내 상자 야무지게 털어가던 당신 복수할꺼야 갓겜인게 업데이트 진짜 꾸준히 해줌 내사랑 세바스찬 생각날때 보러갈게 찡긋,1,0,0,8104,2026-05-15 13:42:10
41,76561199509841156,06시 기상 후 02시 강제 취침까지 씨앗 심거나 작물 뽑거나 곡괭이질만 하는데도 재밌음,1,0,0,8281,2026-04-30 02:57:54
42,76561199683300879,봄꽃무도회 꼭 그렇게 만들었어야만 속이 후련했 냐,1,0,0,2237,2026-04-28 17:09:24
43,76561198401520646,저는 흥미를 느끼지 못했습니다 저와는 잘 맞지 않는 게임인 것 같습니다 개인의 취향문제일 수 있습니다,0,1,0,65,2026-05-18 19:22:35
44,76561199745705230,캐릭터 초상화 리텍 전으로는 돌아가지 못하는 병에 걸렸어요 알렉스 사랑해,1,0,0,3439,2026-05-08 23:03:36
45,76561199223458761,나 같은 사람은 스타듀밸리 시작하면 1년차만 무한 반복을 함 1년차 겨울 8일쯤에 자러 가야겠다고 생각한 뒤로 그 농장은 영영 잊히고 6개월 뒤에 새로운 농장을 시작함 스듀 엔딩도 끈기있는 사람이 보는 거임 ㄱ 암튼 재밌다,1,0,0,7822,2026-05-04 03:05:28
46,76561199845148809,진짜아아앙아아아ㅏㅏ 조오오오오옹노ㅗㅇ농농논ㅇ농농노오노온온나나난나나ㅏㅏㅏ게 추천합니다,1,0,0,1173,2026-05-26 19:18:13
47,76561198315045892,일단 나무를 베고 돌을 캐고 작물 심고 낚시를 하고 던전가고 연애하고 퀘스트하고 작물 수확하고 와인만들고 팔고 나무를 베고 돌을 캐고 작물 심고 낚시를 하고 던전가고 연애하고 퀘스트하고 작물 수확하고 와인만들고 팔고 나무를 베고 돌을 캐고 작물 심고 낚시를 하고 던전가고 연애하고 퀘스트하고 작물 수확하고 와인만들고 팔고 나무를 베고 돌을 캐고 작물 심고 낚시를 하고 던전가고 연애하고 퀘스트하고 작물 수확하고 와인만들고 팔고 나무를 베고 돌을 캐고 작물 심고 낚시를 하고 던전가고 연애하고 퀘스트하고 작물 수확하고 와인만들고 팔고 다했따 자야지,1,0,0,5325,2026-05-20 01:28:36
48,76561198905033939,이 게임 안에서 살아갈 수도 있을것 같다 하지만 시간이 너무 빨리 흘러 자극적인 재미는 아니지만 현생으로부터 벗어날수 있는 마음의 안식처같은다른사람과 같이 하면 훨씬 재밌고 미는 속도도 빠르다 농사 인간관계 집꾸미기 채집 툭툭툭툭 뽁뽁뽁뽁 쿰척쿰척 뽁뽁뽁뽁뽁뽁뽁뽁뽁뽁뽁,1,0,0,4308,2026-05-19 20:15:01
49,76561199261861919,친구랑 같이 하려고 샀는데 시간 가는 줄 모르고 첫 날부터 6시간 채웠네요 다들 친한 친구랑 같이 해보세요 재밌습니다,1,0,0,1674,2026-05-14 17:44:42
50,76561199465868618,유명하길래 가벼운 마음으로 깔아봤는데 너무 진심이 되어버림,1,0,0,18977,2026-05-13 17:31:35
51,76561199013811589,계란 축제 이새끼는 왜 끝나자마자 바로 저녁임 양계장은 왜 3일동안 처 짓는거임 콩 막대에 왜 히트박스 있음 npc 왜케 싸가지없음 돈 왜 이렇게 안 벌림 왜 이상한 상자에 물건 넣으니까 사라짐 게 통발에 왜 게 안 잡히고 쓰레기 잡힘 제때 환불 못 받은 게 한이다,0,0,1,373,2026-05-01 16:50:09
52,76561198394735549,한국인이 하기엔 살짝 답답할수도 있는데 모드로 극복하면 힐링겜 중 원탑,1,0,0,5246,2026-05-15 23:32:13
53,76561199683087159,처음에 멀티플레이로 하다가 혼자하려니까 막막하다,1,0,0,3304,2026-05-12 15:42:31
54,76561199615231756,재미있음 다만 힐링겜 같긴한데 친구랑 하니깐 도파민이 있음,1,0,0,464,2026-04-29 21:05:29
55,76561199381099617,방학때 모드 여러개 깔아서 너무 재밌게함 현실아싸인내가여기선초인싸알파농부,1,0,0,5054,2026-05-25 02:50:35
56,76561198400183776,한번 들어가면 조금만 하다가 끌 수 없을만큼 할게많다어이구 허리야,1,0,0,6464,2026-05-13 10:43:57
57,76561199550326756,현실에서 못하는 결혼을 게임에선 가능할려나 ㅎㅎ,1,0,0,12,2026-05-24 09:41:45
58,76561198778129263,스듀 4일차인데 38시간 찍었음 근데 잠은 4일 동안 총 10시간잠 체감 흐른 시간과 실제 시간이 다르게 흐름,1,0,0,2880,2026-05-23 19:15:39
59,76561199532404761,아니 습빡 왜이리 거지같이 만들었냐 똑바로 안하나 진짜 못 해먹겠네,0,0,0,1887,2026-05-17 04:30:35
60,76561199508161471,1주일만에 100시간 찍었어요 잘했죠,1,0,0,6623,2026-05-27 12:34:51
61,76561198865270105,재밌어요 질리질 않음 아직 별로 못 즐겨서 아쉬워요,1,0,0,23802,2026-05-24 14:53:31
62,76561199343704429,한지는 얼마 안됐는데 친구들이랑 같이하니까 재밌어요,1,0,0,3752,2026-04-30 11:58:05
63,76561199487316314,다 좋은데 자꾸 조자마트만 들어가면 튕겨요,1,0,0,63,2026-05-23 21:04:47
64,76561199208598373,뭐야 얼마 못했네 나 왜캐 애정이 부족한거같지 스듀에ㅠㅠ,1,0,0,55190,2026-05-21 05:53:31
65,76561198303631696,처음은 지루했는데 시간이 지나니까 자동화에 미치게 되었습니다,1,0,0,28011,2026-05-10 02:09:31
66,76561199886067397,힐링되고 재밋어용 현실도피하기 조음,1,0,0,903,2026-05-19 22:42:12
67,76561199782905814,친구들이랑하기도좋고혼자하기도조음,1,0,0,2691,2026-05-03 20:47:16
68,76561199150641117,진짜 레전드 인생 게임입니다 무조건 해보세요 엄마 겁니다,1,1,0,1057,2026-05-24 11:31:51
69,76561198868058676,메이플스토리 하드모드인듯 퇴근후나 주말까지 일하고싶지않아,0,0,0,4276,2026-05-17 04:11:59
70,76561198993806244,스듀를 하던 추억은 절대 잊지 못할 거에요 너무 재밌었습니다,1,1,0,7440,2026-05-14 21:31:18
71,76561198153884067,밭 갈고 낚시하고 결혼해서 애 낳고 보단 진로 공장,1,0,0,5781,2026-05-23 03:12:04
72,76561199185759613,인생을 판단하기엔 아직 이른 것 같다 좀 더 해봐야 알듯,1,0,0,41666,2026-05-20 02:30:47
73,76561199000619794,개재밌쓴 2d라서 멀미도 안남 내가 평생 한 게임중에 가장 재밌슨,1,0,0,10414,2026-05-17 19:34:18
74,76561198807275842,솔직히 이제 슬슬 컨텐츠 부족한거같아요,1,0,0,90744,2026-05-08 01:51:29
75,76561199809803006,걍 개개개개개개 재밌음 내 영혼은이미 이곳에있음,1,0,0,6062,2026-05-05 17:15:30
76,76561198778975825,할인해서 사서 했는데 진짜 재밌음,1,0,0,1998,2026-05-23 09:01:48
77,76561199072883496,걍싺다그만두고 펠리컨 마을로 회피하고 싶다,1,0,1,21611,2026-05-16 21:42:49
78,76561199099862461,개꿀잼 리텍필수 하비내남편 에비게일내여자,1,0,0,7037,2026-05-02 14:11:30
79,76561199143680195,개꿀잼임 너무 재밌다 이거 하면 시간 가는줄 모르겠다,1,0,0,7538,2026-05-19 06:16:11
80,76561199560957006,이게임의 장점은 미치도록 중독적이라는 것입니다 단점은 중독적입니담,1,1,0,4159,2026-05-02 16:41:53
81,76561198112014750,낭만넘치게 목장운영으로만 승부보겠다,1,0,0,5627,2026-05-26 01:34:42
82,76561199204267416,재밌어요 슴슴한게 맛있네요,1,0,0,744,2026-05-21 00:34:49
83,76561199071788526,리텍끼고 법사오빠랑 결혼엔딩 볼거임 다꺼져,1,0,0,2002,2026-05-12 11:30:40
84,76561198765527022,엘리엇과 샘 세바스찬이 맛있어요,1,0,0,5335,2026-05-10 14:08:31
85,76561199635983897,힐링하고 싶으신 분들 꼭 해보세요 강추합니다,1,0,0,35635,2026-05-04 10:13:10
86,76561198437613783,매일 매일 힐링이 필요하시다구여 여기로 오세요,1,0,0,1070,2026-05-04 00:42:26
87,76561199114264894,정신차려보면 해가 뜨고있고 다시 정신 차리면 해가 지고있다,1,0,0,9388,2026-04-29 21:54:37
88,76561198283416822,올해 못 한 것은 내년에 해도 되겠지만 겠냐고,1,0,0,8549,2026-05-27 14:09:47
89,76561199238010501,모바일 200시간 하다가 넘어온 사람 저요,1,0,0,7436,2026-05-04 01:33:38
90,76561198813266425,일주일 밤새면서 하라고 가둬둬도 기꺼이,1,0,0,17025,2026-05-25 02:48:04
91,76561199767364554,힐링 그 이상 중독이 위험,1,0,0,418,2026-05-19 14:40:37
92,76561199497542849,별 보며 시작해서 달 보며 끝난 게임 농사가 일품,1,0,0,1854,2026-05-17 02:19:53
93,76561199813611347,내 농장은 부흥해가는 반면 내 현생은,1,0,0,15869,2026-05-12 14:45:51
94,76561198430606753,시간 보내면서 힐링하기에 최고인 게임,1,0,0,2275,2026-05-04 20:19:12
95,76561199831114176,아주 재밌는 힐링자본주의 게임,1,0,0,674,2026-05-23 21:03:41
96,76561198926546777,오랜 시간 빠져서 했습니다 힐링 게임 굿,1,0,0,35885,2026-04-30 22:41:32
97,76561199612753550,두말은 필요 없습니다 여기가 제 고향입니다,1,0,0,10026,2026-05-28 00:13:44
98,76561199171274436,내 인생을 망치러 온 나의 구원자,1,0,0,6109,2026-05-25 02:58:33
99,76561198366287366,평생 업데이트해라 에릭바론,1,0,0,36185,2026-05-16 23:55:43
100,76561199697703210,아 딸기심어야해 바쁘다 진짜,1,0,0,4797,2026-05-12 19:17:21
101,76561198820850452,이거 하다 다시 게임 중독 걸렸습니다,1,0,0,4349,2026-05-11 21:49:34
102,76561199804225392,이런 힐링게임이 뭐가 재밌쨍그랑,1,0,0,3148,2026-05-10 21:49:46
103,76561199245136604,너무 재밌고 시간 가는줄 모르게써요,1,0,0,2126,2026-05-26 21:00:25
104,76561199018026562,말해뭐해 이미 유명한 겜 재미있음,1,0,0,43064,2026-05-23 00:04:12
105,76561199517033178,얼마 안했는데 재미있음,1,0,1,11853,2026-05-17 15:04:35
106,76561198829988165,갓겜 설명이 필요없음,1,0,0,14907,2026-05-16 03:56:28
107,76561199202469074,16000원값 이상을 함 개재밌음,1,0,0,9535,2026-05-09 09:42:01
108,76561199801643941,하루 날려먹기 좋은 게임,1,0,0,16390,2026-05-01 15:15:52
109,76561199472429811,엔딩 봤더니 할게 없어요,1,0,1,15523,2026-05-27 07:13:17
110,76561198310153428,아내랑 하니까 시간이 살살 녹아요 ㅎ,1,0,0,463,2026-05-20 18:24:31
111,76561199238731496,일단 사라 그럼 시간이 없어진다,1,0,0,8486,2026-05-14 20:12:42
112,76561199810708565,힐링 한국인은 효율이다,1,0,0,15892,2026-05-14 03:19:00
113,76561199197029990,스타듀밸리는 꼭 해야 하는 게임,1,0,0,10911,2026-05-12 19:30:07
114,76561199244607136,시간가는지 모르는 게임,1,0,0,1183,2026-05-18 18:21:59
115,76561198268468230,스듀 대단할 줄 알았는데 별거 아니네,1,3,0,70131,2026-05-14 18:09:40
116,76561198152181436,그냥 아가리 묵념 하고 사셈,1,0,0,22529,2026-05-25 17:04:37
117,76561199007935322,커플이 같이 하기 좋아요,1,0,0,2270,2026-05-02 20:04:49
118,76561199086908792,나의인생은스타듀밸리다,1,1,0,14945,2026-05-12 12:49:34
119,76561198017346531,농촌 생활이 잼있어여,1,0,0,936,2026-05-05 20:08:18
120,76561199580988074,진짜 야르 이게 내 인생이지,1,1,0,5460,2026-05-16 17:33:49
121,76561199496658551,a masterpiece of one person,1,0,0,1916,2026-05-23 23:41:54
122,76561198882894479,정신병이랑 사귀면 진짜 재미있음,1,0,0,7246,2026-05-17 01:46:18
123,76561199856833024,이거때문에 일상생활버림,1,0,0,14520,2026-05-15 23:39:45
124,76561198730290971,알렉스왜나랑결혼안해줌,1,0,0,1519,2026-05-25 00:12:57
125,76561199881932314,재밌습니다 시간 순삭 굿굿,1,0,0,490,2026-05-24 19:52:18
126,76561199013227547,한 번 빠지면 답 없는 겜,1,0,0,7088,2026-05-14 23:26:38
127,76561198720304194,미야우미어 꼭 얻으새요,1,0,0,2043,2026-05-10 05:59:02
128,76561198723424464,남친이랑 상상동거 하는중 재밋습니다 _,1,0,0,14527,2026-05-07 14:44:55
129,76561199522552354,일주일 168시간 중 100시간을 했습니다,1,0,0,13457,2026-05-06 21:05:36
130,76561199646744656,아 노동이 너무 잼있댜,1,0,0,32299,2026-05-02 21:08:51
131,76561199734757721,시작하자마자 꽃 다 말라죽어서 때려침,1,0,0,131,2026-04-30 12:01:45
132,76561199802519416,인생 여기서 살고 싶다,1,0,0,1495,2026-05-27 03:05:15
133,76561198215059583,시간 많은 사람만 사기,1,0,0,400,2026-05-20 19:23:23
134,76561199137945040,유명한데에는 이유가 있는법 is goatgreatest of all time 이 게임을 적극 추천함,1,0,0,1503,2026-05-20 04:09:21
135,76561198853575301,정말 재밌어요 제 인생껨,1,1,0,24160,2026-05-22 18:16:58
136,76561199645521752,sooooo good,1,0,0,660,2026-05-19 17:38:00
137,76561199861532622,오징어축제 씨발련아,1,0,0,8167,2026-05-10 13:36:04
138,76561199365816298,불안할 때 위로가 됩니다,1,0,0,3412,2026-05-19 17:40:17
139,76561198141311801,내 시간을 삭제시킴,1,0,0,58413,2026-05-13 18:26:32
140,76561198264800970,나도 스타듀밸리의 주민이었다,1,0,0,19087,2026-05-26 20:42:51
141,76561198967939620,h2i어서오세요 별망울이 내리는 이 풍요로운 마을에ih2 h3평점 10점 만점에 9점h3 b스토리b 810 b게임성b 1010 b연출력b 810 b몰입감b 910 b흥미도b 910 리뷰 3줄 요약 1 감성을 자극하는 음악과 도트 그래픽 2 마음가는 대로 느낌가는 대로 할 수 있는 컨텐츠 3 easy to learn hard to master수많은 파고들기 요소들 hrhr b스타듀밸리b는 기계부품처럼 일에 치여 살던 주인공이 할아버지의 농장을 물려받으며 귀농하는 이야기를 다룬다 처음 농장에 도착했을 때 농장은 개판이고 주민들은 시큰둥해 보이는 등 달갑지 않아 보일 수 있다 점차 농장을 발전시키며 스타듀밸리의 생활에 차차 익숙해져 간다면 신이 내린 이 축복의 땅의 많은 즐길거리가 비로소 눈에 들어오기 시작할 것이다 h3긍정적인 부분h3 list b다양한 가능성 다양한 목표b스타듀밸리의 기본은 농사이지만 꼭 농사만 지을 필요는 없다 필자도 첫 플레이에서는 농사보다는 낚시를 더 재밌게 했던 기억이 난다 핵심적인 것은 여러분이 비단 하나의 수단에 매몰되어 무한히 그것만 되풀이 할 필요는 b없다b는 사실이다 한국인이라면 일단 어떻게든 아득바득 돈 부터 벌려고 하겠지만strike필자도 매일같이 돈 번다고 효율표 같은 거 찾으며 게임했다strike 가끔은 유유자적하게 자신의 다양한 가능성을 믿고 게임을 즐겨보는 것도 좋을 것이다 b개성 충만한 캐릭터들b세심하게 설정되어 있는 스타듀밸리의 캐릭터들은 각자 좋아하는 것 싫어하는 것 말투나 성격 심지어는 계절과 요일마다 움직이는 패턴이 b전부 다르다b 여러분이 마음에 드는 캐릭터도 있을 것이고 strike나한테 물건을 사가지고 가서는 더 비싸게 팔아먹는 양아치strike 마음에 들지 않는 녀석도 있을 것이다 그러나 바로 이 다양성이 게임에 i생동감i을 불어넣어주고 이는 플레이어들이 게임에 자연스럽게 녹아들도록 만들어주는 만족스러운 요소이다 b방대한 파고들기 요소b만일 농사 컨텐츠가 그저 아무 씨를 뿌려서 사계절 내내 자동으로 자라는 작물을 캐는 것이라면 얼마나 지루하고 현학적일까 스타듀밸리에서는 당신의 선택이 중요하다 사계절에 따라 키울 수 있는 작물이 다르고 그 작물이 자라는 기간도 다르며 그 작물의 품질은 당신이 어떻게 기르느냐에 따라 달라진다 필자가 말하고 싶은 파고들기 요소는 단순하게는 빨리 자라는 i파스닙i을 심을까 아니면 좀 느리게 자라도 비싼 i콜리플라워i를 심을까 부터 복잡하게는 i마을회관 꾸러미나 축제i를 대비해야 할까 아니면 i돈을 좀 더 많이 모으는 방향i으로 가야할까 같은 상황이나 업적에 대한 파고들기 요소로 이어진다 단순히 농사라는 컨텐츠 하나만 놓고도 많은 요소가 있는데 다른 컨텐츠를 합치면 게임의 볼륨은 더더욱 풍성해진다 list h3복합적인 부분h3 list b느린 게임의 템포 하지만 빠릿하게 행동해야 한다b필히 시간이 드는 요소들이 많기 때문에 한정적인 자원 내에서 해야 하는 일들이 생길 수 밖에 없다 처음에는 답답하다고 느낄 수 있지만 심적으로 여유를 갖고 게임을 즐기자 급할수록 돌아가라고 하지 않던가 list h3부정적인 부분h3 list b결국에는 고루고루 진행해야만 하는 스토리b필자는 처음에는 낚시가 재밌어서 낚시만 했었다 그리고 곧 강태공이 70세까지 이름을 떨치지 못했던 사실이 생각이 났다 내가 잡은 물고기들은 내 친구 윌리 빼고는 b아무도b 관심이 없었다 돈이 있어도 집을 늘리지도 못하고 다른 건물을 짓거나 동물을 데려오는 것도 쉽지 않았다 게임은 어느 시점에는 내가 b일정 수준의 성취도b에 다다를 것을 요구한다 필자는 결국 잔혹한 현실에 무릎 꿇었지만 그렇지 않은 사람들에게는 마음에 들지 않는 요소라 생각된다 b갈수록 생기는 반복성의 늪b1년차 동안 길게 쳐서 2년차 가을 좀 넘길 때까지는 이것저것 퍼먹으면서 헤헤 맛있다하며 머리가 꽃밭인 채로 있었다 스프링쿨러나 광차 마법지팡이 등으로 어느 정도 자동화 빠른 이동이 가능해지지만 결국에 b사람 손으로 마무리 지어야 하는 요소들b이 다수 존재하고 그런 일들을 많이 벌려 놓았다면 하루 진행 루틴이 기하급수적으로 빡빡해진다 남친여친은 일하다 바빠서 말 안 걸어주거나 선물 안 주면 삐지고 a를 하느라 b에 신경을 못 쓰는 바람에 큰 그림이 어그러지는 경우도 있다 결국에는 모든 것이 거대한 시간 낭비처럼 느껴지는 시점이 다가오게 된다 list h3총평h3 필자가 남긴 모든 단점들에도 불구하고 스타듀밸리는 여전히 좋은 게임이라 생각한다 아니 그럼 왜 게임 욕해요라고 묻는다면 단점 없는 사람이 세상에 존재할 수 없듯이 단점 없는 게임도 세상에 존재할 수 없다고 대답해주고 싶다 스타듀밸리의 단점은 이 게임이 내게 가져다준 산등성이같은 즐거움에 비하면 아무것도 아니라고 할 수 있다 나는 아직도 기억한다 처음으로 전설적인 물고기를 잡았던 날 처음으로 마구간을 짓고 말의 속도에 감탄하던 날 광산에서 쓰러져서 라이너스가 데려다 주던 날 게임에서 만들어진 수많은 추억이 곧 내가 이 게임을 얼마나 사랑했는지를 가장 잘 증명해주는 요소라 생각한다,1,1,0,4962,2026-05-11 23:23:46
142,76561199833531136,헤일리가 정실 아님,1,0,0,663,2026-05-17 00:53:15
143,76561199094411271,ehdehdㄷ고옫옫ㅇ,1,0,0,2892,2026-05-21 20:55:52
144,76561199058470718,goat goat goat goat goat goat goat,1,0,0,21595,2026-05-26 06:12:57
145,76561199683857885,sderftgybhnujmikopl,1,0,0,13220,2026-04-30 23:22:43
146,76561198808608997,감히 스팀 최고의 농사 힐링 겜이라고 단언할 수 있다 그래픽이 아기자기해서 힐링감성을 더해준다 수급처보다 소비처가 많아 재료의 소중함을 알게 해주는 밸런싱 때문에 자원을 모아 업글했을떄의 성취감이 최상급 모드 창작마당이 없고 넥서스에서 모드 다운해야 하는 것이 유일한 단점,1,9,0,13786,2026-04-15 08:45:39
147,76561199172538579,진지하게 힐링게임아님 농사에 낚시에 광질까지 등등 혼자서 다하는데 어떠게 힐링게임인지,1,7,1,9514,2026-04-24 10:30:59
148,76561199473888093,색감 리텍 캐릭터 리텍 꼭 끼시구 편의성 모드 꼭 하세용ㅜ 진짜 적당히 편하고 재밌어서 중독성 야떔,1,6,0,11799,2026-03-03 18:34:09
149,76561198985610839,시공간은 관찰자에 따라 다르게 흐른다는 아인슈타인의 상대성이론을 체감하고 싶으면 해라 잠깐 농사짓고 광산가서 곡괭이질 하고 낚시하고 싸돌아 댕기면서 마을 축제 하고헤일리한테 가서 플러팅이나 하다가결국 결혼에 성공 한것 뿐인데 현실에선 분명 해 쨍쨍한 대낮에 겜 켰더만 오늘은 여기까지만 해야지 하고 껐더니 자정이 다돼갔다,1,6,2,4424,2026-04-25 07:06:58
150,76561198194176119,인생게임입니다 한번 시작하면 시간 가는 줄 모르고 하게 되네요 모드도 종류가 많아서 바닐라 엔딩 보고 나서 스토리 확장 모드도 할 수 있고 리텍도 다양해서 안질려요 세일 자주 하니까 세일할때 사시는 거 추천,1,6,0,70254,2026-03-19 04:14:07
151,76561198402925302,처음 들어갈 때 마우스 클릭음과 그 정겨운 음악 절대 잊을 수 없다,1,1,1,8823,2026-04-17 04:56:55
152,76561199643622076,혼자서도 즐길 수 있고 둘이서 하면 재미있고 셋이서 하면 완벽한 팀워크를 맛볼 수 있는 게임입니다 완전 재미있어요,1,0,0,4415,2026-04-27 00:52:08
153,76561198777540850,진엔딩이 너무 감동적 노가다를 많이 했지만 충분히 그럴 가치가 있다고 생각합니다,1,0,0,7234,2026-04-26 21:59:55
154,76561198206598575,진짜 몇 안되는 수작 일상에 지친 현대인에게 온라인 귀농이라는 도피처를 제공 처음 시작하시는 분들이라면 펠리컨 마을에 본인이 녹아듬을 느끼셨으면 좋겠어요 인트로와 간간히 나오는 스토리는 첫회차라면 스킵없이 봐보세요,1,0,0,30514,2026-04-26 16:27:36
155,76561199219223812,홀홀홀 농사경력 5억년 낚시 경력 2억년 해탈의 경지에 오름 힐링하려고 하다가 몬스터한테 죽어서 다이아 잃으면 화가남 낚시 물고기 놓치면 화가남 쓰레기 5연속 잡으면 화가남 그래도 계속함 헤헤 초반에 몇몇 npc들이 싸가지가 너무없지만 모든것을 갖다바치면 착해지는 물질만능주의적 세계관을 보여줌 하지만 난 쓰레기통 털고 다니니까 어느정도 이해는 됨,1,0,0,566,2026-04-26 12:52:49
156,76561199066231826,퀘스트가 끊임없이 나와서 오래해도 질리지 않아요,1,0,0,10293,2026-04-25 15:12:12
157,76561199090612495,인생을 계속 새로 시작하고 싶은건진 모르겠지만 계속 처음부터 시작해서 엔딩은 못봤지만 그래도 그 분위기 bgm때매 다시 처음으로 돌아가게만듬,1,0,0,5839,2026-04-24 21:19:09
158,76561199260360028,돌고 돌아 스타듀밸리 부랑자마냥 이 게임 저 게임 다 해봤는데 이만한 힐링게임이 없어요,1,0,1,79458,2026-04-24 19:15:38
159,76561199027073290,킹갓겜입니다 기존에 했던 것만으로도 컨텐츠가 좋았는데 업데이트가 끊이질 않음,1,0,0,18963,2026-04-22 16:46:16
160,76561198278398219,폴아웃 스카이림 굶지마 워프레임 디아블로 v 라이징 러스트 펠월드 배틀그라운드 z days 좀보이드 를 피해 안전한 스타듀벨리로 꺼졌다 brooo,1,0,0,5210,2026-04-19 10:41:44
161,76561198172339782,아직까진 농부가 아니고 나무꾼 느낌이긴 한데 어쨌든 재밌음,1,0,1,6614,2026-04-14 20:08:47
162,76561199087365644,세바스찬이 보고 싶어서 계속 들어가지만 주니모의 모험이나 대초원의 모험은 너무 어려워서 아직도 도전과제 못깨고 있어요 ㅎㅎ 그래도 다른 농장도 도전해보고 있어요 ㅎㅎ 모드 깔아서 하니까 재미있어요 ㅎㅀ,1,0,0,19433,2026-04-07 22:07:25
163,76561198119968291,2d 도트 게임에 편견을 없애준 게임 진짜 시간 가는 줄 모르고 하게 됨,1,0,0,4467,2026-04-07 15:43:46
164,76561199771919592,정말 할때마다 이게 인생이구나 싶은 게임이에요 질릴때면 대확장이나 릿지깔아서도 하고 이것 저것모드 쓰고 옷도 이쁘게 꾸미고 연애 텍스트 다양하게 하는 것들도 깔면서 연애하고 결혼하니까 정말 살맛나네요,1,0,0,57208,2026-04-06 18:24:19
165,76561199391111489,컨텐츠가 많다 부자가 되고 싶은 마음에 계속 하게 된다 힐링과 노동의 밸런스 매우 갓겜,1,0,0,21086,2026-04-02 16:52:58
166,76561198250078058,최고의 노동게임 분명 농사를 짓는 게임인데 어느순간부터 난 광산에서 나오질 않고 있다 괜한 승부욕이 들어 해골광산 스피드런을 하고 있는 나를 발견했다 예쁘게 꾸미고 편안하게 힐링하는 게임이 아니라 결국 효율을 위한 공장을 만들고 있었다 돈을 벌어도 벌어도 아까워서 쓰지도 못하고 결국 돈이 불어나고 있었던 레벨을 올리는 그 노동의 맛 어떻게든 효율적인 농장을 만들기 위해 부리나케 뛰어다녔던 많은 사람들과 멀티를 하며 즐겼지만 그 사람의 성향도 엿볼수있는 멀티플레이 게임이자 독단적인 게임,1,0,0,9179,2026-04-01 10:53:41
167,76561198771649384,걍 완전 늙은이들 하는 게임인줄 알았는데 심심해서 헤보니 너무 재밌는거 있죠 마크 같은 뭐라하나 하여튼 그런거 좋아하시면 꼭 해보세용,1,0,0,1104,2026-03-29 14:27:13
168,76561199879500036,i love this game so much that i cant spend time on my daily life since im a student i cant fully focus on the game but im sure i will do it everyday when i grow up 지리네요 인생겜 ㄹㅇ 학생이라 아쉽지만 여유 있을 때 빡세게 해보고 싶은 게임입니다 근데 중독성 너무심함,1,0,0,3229,2026-03-28 16:37:23
169,76561198811186092,무슨 말이 더 필요한가 명성에는 이유가 있기 따름이다 확장팩을 설치하지 않고도 전혀 부족하지 않게 플레이 할 수 있다 조금이라도 이 게임에 관심이 간다면 망설이지 말고 구매해라,1,0,0,10090,2026-03-28 01:05:34
170,76561199682019696,이 게임이 1인 개발로 만들어졌다는 이야기를 들으니 놀랍기도 하고 만드신 분이 굉장히 존경스럽다는 생각이 들었습니다 세계관 속에서 등장하는 많은 요소들은 저에게 많은 즐거움과 행복 그리고 평소에는 생각해 보지도 못했던 많은 생각과 고민 들을 하도록 만들어 주었습니다 시간을 내어 충분히 해볼 만한 게임이라고 생각이 들기에 만약 이 게임을 할지 말지 고민하시고 계신다면 반드시 해보시기를 권장 드립니다,1,0,0,2176,2026-03-27 23:04:08
171,76561199479041566,진짜 너무 재미있어요 영원히 안 질림 모드 깔면 얼마나 더 재밌어질지 감도 안옴,1,0,0,6806,2026-03-27 17:14:20
172,76561199780906673,마을 회관 이벤트 최대한 빨리 하세요 아님 저처럼 3년차 되도 회관 꾸러미 절반도 못채움,1,0,0,6236,2026-03-26 21:27:43
173,76561199030994700,매번 하다가 지겨워서 방치하지만 매번 새로 다시 농장 만든다 농장게임의 근본이다 남들처럼 고인물은 못 되지만 1년차 겨울까지 가는 길은 항상 즐겁다,1,0,0,26033,2026-03-26 00:51:07
174,76561198123785878,힐링하러 겜을 시작했고 실제로 힐링되는 게임이었으나 수 많은 모드를 설치하고 훨씬 더 방대해진 스토리를 감당하려고 열심히 뛰는 내 모습을 느낄 수 있음 어느새 농작물은 몇 가지만 키우며 싹다 와인으로 만드는 와이너리가 되어있음 돈을 매우 많이 벌겠다고 생각하며 달리면 금방 질려서 진짜 겜 끝까지 못봄 급한 퀘스트 아니면 내일로 미루는 습관을 갖고 약간 부족한듯 여유롭게 살아가는 걸 추천함 오랜만에 돌아와서 댓글 적는데 다시 하고 싶은 마음이 들다가도 갖가지 모드를 설치할 생각에 망설여지는 밤이네,1,0,0,10610,2026-03-25 00:23:37
175,76561198847338662,셰인아 난 사실 나에게 욕을 박았던 그때의 너가 더 좋았어 결혼하니까 재미가 없더라고 그래서 이혼하자 한거야 헤일리야 너도 그래 으 싫어 하던 너가 좋았어 하지만 착해진 너는 재미가 없더라,1,0,0,8569,2026-03-23 22:44:44
176,76561199679637997,내가 왜 게임에서도 노동을 하는지는 모르겠으나 여유롭고 평화로운 분위기가 계속 게임을 클릭하게함,1,0,0,1226,2026-03-21 15:52:27
177,76561199031434596,친구가 정말 재밌다고 하여서 구매했는데 도파민을 추구하는 저한테는 맞지 않는 게임인거 같네요 아쉽습니다 낚시말고 할게 없어요,1,1,0,401,2026-03-18 20:42:04
178,76561199099391769,친구 추천으로 했는데 처음에는 지루하고 할 것도 별로 없고 재미가 없었는데 혼자서 할 거 하고 하다보니까 100시간 넘김 근데 놀라운건 아직 중반부에 머무르고 있고 할게 너무 다양해서 좋은듯,1,0,0,10738,2026-03-18 07:32:23
179,76561198427262255,컨텐츠가 많아서 재미있음 근데 너무 많은 나머지 자유 플레이하다 지쳐서 공략집을 계속 찾아보게됨 좀 지쳐가는 중 현재 간단하게 캐릭터 리텍만 하고있지만 얼마안가서 편의모드 리텍만 잔뜩하다가 또 질리면 농꾸 리텍하게 될 듯 그것마저 질렸는데 엔딩을 못본다 진짜 지칠듯 그래도 일단 지금까지는 재미있음,1,0,0,11869,2026-03-18 02:49:50
180,76561199400775045,이제 그만하자 싶으면 이벤트가 계속 발생해서 끌 수 없는 하루에 8시간이나 하는 오타쿠생활이 되었어요 너무 재밌습니다 ㅜㅜ 농장게임 이런거 안좋아해서 안하려다가 평가가 너무 좋아서 한번 해볼까 하고 샀는데 며칠동안 이것만 하고 있어요 다수와 연애하는 모드도 깔아서 남편 5명에 아내 두명이랍니다ㅎ 강추 드립니다 시간 녹이는 갓겜,1,0,1,11350,2026-03-18 01:56:42
181,76561199200966427,멀티가 있긴 하지만 혼자하는게 자원을 독식해서 좋음 시야가 모니터 해상도 따라감 4k쓰니까 천리안임ㅋㅋ 나중에 여자친구 생기면 하자고 해야지,1,0,0,8876,2026-03-15 13:57:08
182,76561198402847378,진심으로 최고의 게임 어떻게 만들었을까 이런 최고의 게임을 하다가 질리는데 또 어느 순간 생각나서 하게 됨 500시간 동안 모드 한 번도 안 쓰고 리텍만 사용했는데도 재밌음 진짜 겜 중에 최고라 생각함 언젠가 대확장모드도 할테야 업데이트 계속 해줘요 평생 할게욤 할머니 돼서도 할거임,1,0,1,36640,2026-03-13 19:16:31
183,76561198249470832,농장 운영 게임은 돌고 돌아서 이 게임이 최고임 오랜만에 접속하니까 컨텐츠도 많아지고 새로운 것도 많아져서 시간 가는줄 모르고 플레이함,1,0,0,14541,2026-03-13 03:08:16
184,76561198858497744,혼자 여우롭게 해도 좋고 멀티해도 좋은 게임 아침에 일어나면 씨앗에 물 주는 사람 한 명 가축 돌보는 사람 한 명 낚시하는 사람 한 명 나무 캐오는 사람 한 명 광산 가는 사람 한 명 요리 연구하는 사람 한 명 npc랑 호감도 쌓는 사람 한 명 농장 꾸미는 사람 한 명 번들을 비롯한 이 모든 걸 관리 감독하는 사람 한 명 한 9명이서 하면 적당한 게임인듯,1,0,0,32532,2026-03-10 07:09:10
185,76561199828648548,같이 할 사람이 없어서 혼자 하기 애매해 안하게 됐는데 아직도 가끔 땡기는 게임이에요 친구들이랑 달리 천천히 요리하고 풍차 세우고 천천히 즐기는데 다들 빨리빨리 마인드로 해서 아쉬울 따름이네요 어쨌든 한 번쯤은 찍먹 해 볼만한 게임이에요,1,0,0,5439,2026-03-09 01:13:08
186,76561199556081598,평소엔 타이쿤 시뮬레이션을 좋아하는 사람이라면 정말 즐겁게 플레이 할 수 있을것 같아요,1,0,0,3504,2026-03-08 13:05:54
187,76561199558435100,만약 게임을 시작할때 삶에 지쳐 힐링하겠다는 생각으로 오게 되면 힐링이 아닌 또 다른 부업을 하게 될 것이다,1,0,0,4579,2026-03-07 19:24:04
188,76561198286365154,동물의 숲 심즈 같은 부류의 게임을 즐겨하지 않지만 굉장히 재밌게 몰입해서 플레이 했다 다른 사람이 플레이 하는걸 보면서 하지 말고 혼자서 조용히 하는게 더 재밌다 효율 같은거 따지지 말고 끌리는 대로 플레이 하자 이건 힐링 게임이니깐 현실 도피 하고 싶을 때 내게 힐링이 되어주었던 게임이다,1,0,0,12285,2026-03-04 17:16:14
189,76561198097773608,진짜 대가리 깨고 기억 잃어서 스듀 처음하는 뇌로 다시시작하고싶다,1,2,0,18343,2026-03-20 19:56:19
190,76561199480665304,do you want a peaceful life friends pretty women or alcoholic men yerning for your attention stacks of cash well you cant have them but you can simulate it for the low low price of however much this game costs when you buy it,1,0,0,849,2026-04-14 14:49:36
191,76561199721134302,모바일로 500시간 했다가 pc로 넘어왔는데 pc가 훨씬 재밌어요,1,0,0,14768,2026-04-28 00:32:29
192,76561198762744114,미친게임 걍 영원히 자고 일어나고를 반복하며 연속 8시간씩 플레이함,1,0,0,9863,2026-04-21 21:06:35
193,76561199101402541,모드없이 1500시간 넘게 한 유저입니다 막노동 게임 좋아하시면 이보다 좋은 게임은 없을 것이라 생각하고요 업뎃도 안 할 것 같이 굴면서 쫌쫌따리 계속 해주는 효자겜이고 질리면 새계정 파서 첨부터 다시 굴리고 리텍 정도는 좀 바꿔주고 이러면 저는 진짜 안 질리더라구요 걍 돈 버는데 눈 벌게 져서 하루종일 뺑이 치고있어요 많은 분들이 이미 이 게임을 해보셨고 원래 인기 많은 게임이지만 혹시 새로 시작하신다면 모드 없이 해보시는 걸 정말정말정말 추천드립니다 치트도 비추 치트나 모드 하다보면 물자에 대한 감각이 초반부터 떨어져서 더 쉽게 질리실 것 같다는 생각이 듭니다 모드로 광산 밀고 모드로 농작물 키우고 이런 것보다 진짜 내 농장 내 농산물 나의 가축들이라는 마음으로 키우다보면 진엔딩 볼때 너무 뿌듯해져요 정말 추천드립니다 빨리 샌디 클린트랑도 연애하고 싶어요,1,0,0,93771,2026-04-20 11:14:40
194,76561199876413431,120시간해도 초보인 이 게임 너무 너무 재미있고 시간 순삭됩니다 그동안 구매한 겜 중에 후회1도 안 나는 겜이 이게 처음 만약 힐링 좋아하신데 rpg까지 좋아하신다 전혀 후회 안 해요,1,0,0,7989,2026-04-11 22:33:12
195,76561199030719393,난 농사가 취향이 아닌갑다 근데 이건 내 취향때문이니 비추는 하지 말아야지 잘 만들긴 했으니까,1,0,0,235,2026-04-10 11:36:00
196,76561198851190777,아직 많이는 안했는데 재밌네요 다들 즐겜하십쇼 근데 황금시계 깔고 나면 또 뭐해야 해요,1,0,0,10890,2026-04-07 06:10:01
197,76561198800583303,나는 이 게임을 132시간 했지만 결말을 본적이 없다 그래서 또 다시 새로 시작한다,1,0,0,9633,2026-04-07 00:18:32
198,76561199828112659,정가로 사도 돈 안 아까움 이 컨텐츠에 만 육천원 받는 게 놀랍다,1,0,0,13416,2026-04-04 13:20:59
199,76561198734191120,진짜 사람들이 왜 플레이하는지 알것같음 겁나재밌어,1,0,0,3583,2026-03-27 17:49:44
200,76561198813238933,페니야 사실 널 처음봤을 때 부터 너에게 반했어 우리 평생 가자,1,0,1,5997,2026-03-22 01:26:22
201,76561199428857215,힐링겜이지만 자신의 노력에 따라서 지루한 게임이 되거나 재밌는 게임이 되는 게임이라고 생각이 듭니다,1,0,0,1177,2026-03-21 17:13:44
202,76561198363001274,현실에 없는 남편이 생겼어요 ʃƪ 결혼해도 혼자 일 해야해서 돈 벌어먹고 살기 참 힘드네요дゞ,1,0,0,8047,2026-03-17 00:34:03
203,76561199150853443,너무 푹 빠질것같아 시작안했었는데 첫날엔 그냥저냥 할만하네 로시작해서 일주일도 안되서 중독 미쳤습니다 너무너무 재미있어요,1,0,0,3875,2026-03-15 17:04:58
